TMA Ref,sheet_name
AX20,Hampshire South Summary Report
AX22,Hampshire South Summary Report
BI00,Hampshire South Summary Report
BN05,Hampshire South Summary Report
BS00,Hampshire South Summary Report
HL00,Hampshire South Summary Report
OD00,Hampshire South Summary Report
OW03,Hampshire South Summary Report
PX01,Hampshire South Summary Report
PX03,Hampshire South Summary Report
PX04,Hampshire South Summary Report
PX05,Hampshire South Summary Report
PX10,Hampshire South Summary Report
PX12,Hampshire South Summary Report
PX13,Hampshire South Summary Report
PX16,Hampshire South Summary Report
PX17,Hampshire South Summary Report
PX19,Hampshire South Summary Report
PX22,Hampshire South Summary Report
PX23,Hampshire South Summary Report
PX35,Hampshire South Summary Report
PX38,Hampshire South Summary Report
QU00,Hampshire South Summary Report
SP00,Hampshire South Summary Report
SU00,Hampshire South Summary Report
TB00,Hampshire South Summary Report
TF08,Hampshire South Summary Report
TW00,Hampshire South Summary Report
TW50,Hampshire South Summary Report
WH00,Hampshire South Summary Report
WH07,Hampshire South Summary Report
WL00,Hampshire South Summary Report
WM00,Hampshire South Summary Report
WO00,Hampshire South Summary Report
YW00,Hampshire South Summary Report
AN30,Andover Summary Report
CN00,Andover Summary Report
FT00,Andover Summary Report
IB00,Andover Summary Report
IB07,Andover Summary Report
LD00,Andover Summary Report
OV00,Andover Summary Report
PA00,Andover Summary Report
WC00,Andover Summary Report
AX06,Kingsclere Summary Report
AX08,Kingsclere Summary Report
CO00,Kingsclere Summary Report
EW00,Kingsclere Summary Report
HC00,Kingsclere Summary Report
HC03,Kingsclere Summary Report
HC04,Kingsclere Summary Report
SW00,Kingsclere Summary Report
AF00,IOW Summary Report
AH00,IOW Summary Report
AH32,IOW Summary Report
BG00,IOW Summary Report
BK00,IOW Summary Report
HG04,IOW Summary Report
HG05,IOW Summary Report
IX01,IOW Summary Report
IX03,IOW Summary Report
IX05,IOW Summary Report
IX06,IOW Summary Report
IX07,IOW Summary Report
IX13,IOW Summary Report
IX15,IOW Summary Report
IX22,IOW Summary Report
IX24,IOW Summary Report
IX27,IOW Summary Report
IX30,IOW Summary Report
IX31,IOW Summary Report
IX36,IOW Summary Report
IX38,IOW Summary Report
IX60,IOW Summary Report
IX61,IOW Summary Report
LC00,IOW Summary Report
LC02,IOW Summary Report
LC03,IOW Summary Report
LV01,IOW Summary Report
TC00,IOW Summary Report
VL05,IOW Summary Report
AX20,Hampshire South Summary Report
AX22,Hampshire South Summary Report
BI00,Hampshire South Summary Report
BN05,Hampshire South Summary Report
BS00,Hampshire South Summary Report
HL00,Hampshire South Summary Report
OD00,Hampshire South Summary Report
OW03,Hampshire South Summary Report
PX01,Hampshire South Summary Report
PX03,Hampshire South Summary Report
PX04,Hampshire South Summary Report
PX05,Hampshire South Summary Report
PX10,Hampshire South Summary Report
PX12,Hampshire South Summary Report
PX13,Hampshire South Summary Report
PX16,Hampshire South Summary Report
PX17,Hampshire South Summary Report
PX19,Hampshire South Summary Report
PX22,Hampshire South Summary Report
PX23,Hampshire South Summary Report
PX35,Hampshire South Summary Report
PX38,Hampshire South Summary Report
QU00,Hampshire South Summary Report
SP00,Hampshire South Summary Report
SU00,Hampshire South Summary Report
TB00,Hampshire South Summary Report
TF08,Hampshire South Summary Report
TW00,Hampshire South Summary Report
TW50,Hampshire South Summary Report
WH00,Hampshire South Summary Report
WH07,Hampshire South Summary Report
WL00,Hampshire South Summary Report
WM00,Hampshire South Summary Report
WO00,Hampshire South Summary Report
YW00,Hampshire South Summary Report
AN30,Andover Summary Report
CN00,Andover Summary Report
FT00,Andover Summary Report
IB00,Andover Summary Report
IB07,Andover Summary Report
LD00,Andover Summary Report
OV00,Andover Summary Report
PA00,Andover Summary Report
WC00,Andover Summary Report
AX06,Kingsclere Summary Report
AX08,Kingsclere Summary Report
CO00,Kingsclere Summary Report
EW00,Kingsclere Summary Report
HC00,Kingsclere Summary Report
HC03,Kingsclere Summary Report
HC04,Kingsclere Summary Report
SW00,Kingsclere Summary Report
AF00,IOW Summary Report
AH00,IOW Summary Report
AH32,IOW Summary Report
BG00,IOW Summary Report
BK00,IOW Summary Report
HG04,IOW Summary Report
HG05,IOW Summary Report
IX01,IOW Summary Report
IX03,IOW Summary Report
IX05,IOW Summary Report
IX06,IOW Summary Report
IX07,IOW Summary Report
IX13,IOW Summary Report
IX15,IOW Summary Report
IX22,IOW Summary Report
IX24,IOW Summary Report
IX27,IOW Summary Report
IX30,IOW Summary Report
IX31,IOW Summary Report
IX36,IOW Summary Report
IX38,IOW Summary Report
IX60,IOW Summary Report
IX61,IOW Summary Report
LC00,IOW Summary Report
LC02,IOW Summary Report
LC03,IOW Summary Report
LV01,IOW Summary Report
TC00,IOW Summary Report
VL05,IOW Summary Report
AX01,Hampshire South Summary Report
AX09,Hampshire South Summary Report
AX10,Hampshire South Summary Report
AX14,Hampshire South Summary Report
AX15,Hampshire South Summary Report
AX16,Hampshire South Summary Report
AX17,Hampshire South Summary Report
AX18,Hampshire South Summary Report
AX21,Hampshire South Summary Report
BN00,Hampshire South Summary Report
CA00,Hampshire South Summary Report
ED00,Hampshire South Summary Report
GD00,Hampshire South Summary Report
LH00,Hampshire South Summary Report
ML00,Hampshire South Summary Report
OD14,Hampshire South Summary Report
OW00,Hampshire South Summary Report
PB00,Hampshire South Summary Report
PT00,Hampshire South Summary Report
PX02,Hampshire South Summary Report
PX06,Hampshire South Summary Report
PX07,Hampshire South Summary Report
PX08,Hampshire South Summary Report
PX09,Hampshire South Summary Report
PX11,Hampshire South Summary Report
PX31,Hampshire South Summary Report
PX32,Hampshire South Summary Report
PX33,Hampshire South Summary Report
PX34,Hampshire South Summary Report
PX36,Hampshire South Summary Report
RW00,Hampshire South Summary Report
RW57,Hampshire South Summary Report
SF00,Hampshire South Summary Report
TF00,Hampshire South Summary Report
TF02,Hampshire South Summary Report
AN00,Andover Summary Report
AX03,Andover Summary Report
AX05,Andover Summary Report
OV03,Andover Summary Report
UE00,Andover Summary Report
AX07,Kingsclere Summary Report
AX35,Kingsclere Summary Report
HC06,Kingsclere Summary Report
KS00,Kingsclere Summary Report
AS00,IOW Summary Report
AS07,IOW Summary Report
BC00,IOW Summary Report
BM00,IOW Summary Report
BZ00,IOW Summary Report
CC00,IOW Summary Report
CE00,IOW Summary Report
CH00,IOW Summary Report
GW00,IOW Summary Report
HE00,IOW Summary Report
HG00,IOW Summary Report
IX02,IOW Summary Report
IX04,IOW Summary Report
IX09,IOW Summary Report
IX16,IOW Summary Report
IX18,IOW Summary Report
IX19,IOW Summary Report
IX20,IOW Summary Report
IX21,IOW Summary Report
IX28,IOW Summary Report
IX29,IOW Summary Report
IX32,IOW Summary Report
IX33,IOW Summary Report
IX39,IOW Summary Report
IX42,IOW Summary Report
IX47,IOW Summary Report
LV00,IOW Summary Report
LW00,IOW Summary Report
LW02,IOW Summary Report
NE00,IOW Summary Report
NL00,IOW Summary Report
OB00,IOW Summary Report
SB00,IOW Summary Report
SC00,IOW Summary Report
SE00,IOW Summary Report
VL00,IOW Summary Report
CB00,Medway West Summary Report
CW02,Medway West Summary Report
MX45,Medway West Summary Report
MX46,Medway West Summary Report
NS00,Medway West Summary Report
PS00,Medway West Summary Report
SH00,Medway West Summary Report
VG00,Medway West Summary Report
BL00,Medway East Summary Report
CR00,Medway East Summary Report
CR05,Medway East Summary Report
DA00,Medway East Summary Report
DD00,Medway East Summary Report
KB00,Medway East Summary Report
KC00,Medway East Summary Report
KT00,Medway East Summary Report
MH09,Medway East Summary Report
MX05,Medway East Summary Report
MX07,Medway East Summary Report
MX09,Medway East Summary Report
MX16,Medway East Summary Report
MX40,Medway East Summary Report
MX44,Medway East Summary Report
MX50,Medway East Summary Report
MX51,Medway East Summary Report
MX52,Medway East Summary Report
MX54,Medway East Summary Report
MX90,Medway East Summary Report
MX91,Medway East Summary Report
MX92,Medway East Summary Report
RM00,Medway East Summary Report
SD00,Medway East Summary Report
SD11,Medway East Summary Report
ST00,Medway East Summary Report
ST05,Medway East Summary Report
WF00,Medway East Summary Report
WG00,Medway East Summary Report
WW00,Medway East Summary Report
AD00,Thanet Summary Report
AY00,Thanet Summary Report
BH00,Thanet Summary Report
DH00,Thanet Summary Report
DK00,Thanet Summary Report
DL00,Thanet Summary Report
FB90,Thanet Summary Report
FL00,Thanet Summary Report
FL14,Thanet Summary Report
MM00,Thanet Summary Report
MX01,Thanet Summary Report
RF00,Thanet Summary Report
TX01,Thanet Summary Report
TX02,Thanet Summary Report
TX08,Thanet Summary Report
TX11,Thanet Summary Report
TX25,Thanet Summary Report
TX26,Thanet Summary Report
TX28,Thanet Summary Report
FA00,Hastings Summary Report
FR00,Hastings Summary Report
HX01,Hastings Summary Report
HX05,Hastings Summary Report
HX09,Hastings Summary Report
HX15,Hastings Summary Report
HX17,Hastings Summary Report
HX19,Hastings Summary Report
HX21,Hastings Summary Report
HX25,Hastings Summary Report
HX36,Hastings Summary Report
MZ00,Hastings Summary Report
NH00,Hastings Summary Report
RT00,Hastings Summary Report
CW00,Medway West Summary Report
MX19,Medway West Summary Report
MX24,Medway West Summary Report
MX27,Medway West Summary Report
MX29,Medway West Summary Report
MX31,Medway West Summary Report
MX32,Medway West Summary Report
MX34,Medway West Summary Report
MX35,Medway West Summary Report
MX37,Medway West Summary Report
MX38,Medway West Summary Report
MX43,Medway West Summary Report
MX48,Medway West Summary Report
MX56,Medway West Summary Report
MX67,Medway West Summary Report
SL00,Medway West Summary Report
SL05,Medway West Summary Report
MX03,Medway East Summary Report
MX10,Medway East Summary Report
MX11,Medway East Summary Report
MX12,Medway East Summary Report
MX13,Medway East Summary Report
MX47,Medway East Summary Report
MX53,Medway East Summary Report
MX55,Medway East Summary Report
MX93,Medway East Summary Report
DK01,Thanet Summary Report
DK02,Thanet Summary Report
DL01,Thanet Summary Report
TX05,Thanet Summary Report
TX06,Thanet Summary Report
TX07,Thanet Summary Report
TX09,Thanet Summary Report
BA00,Hastings Summary Report
HN00,Hastings Summary Report
HX02,Hastings Summary Report
HX03,Hastings Summary Report
HX06,Hastings Summary Report
HX11,Hastings Summary Report
HX13,Hastings Summary Report
HX14,Hastings Summary Report
HX24,Hastings Summary Report
HX40,Hastings Summary Report
NG00,Hastings Summary Report
UD00,Hastings Summary Report
WN00,Hastings Summary Report
BW00,Coastal West Summary Report
CX05,Coastal West Summary Report
CX13,Coastal West Summary Report
CX22,Coastal West Summary Report
CX36,Coastal West Summary Report
CX48,Coastal West Summary Report
HS00,Coastal West Summary Report
HW00,Coastal West Summary Report
PH00,Coastal West Summary Report
PH02,Coastal West Summary Report
PL00,Coastal West Summary Report
TH00,Coastal West Summary Report
BY00,Northern Summary Report
KF20,Northern Summary Report
NX02,Northern Summary Report
NX03,Northern Summary Report
NX04,Northern Summary Report
NX05,Northern Summary Report
NX07,Northern Summary Report
NX09,Northern Summary Report
NX10,Northern Summary Report
NX24,Northern Summary Report
NX26,Northern Summary Report
NX32,Northern Summary Report
NX37,Northern Summary Report
NX40,Northern Summary Report
NX48,Northern Summary Report
PW00,Northern Summary Report
RK00,Northern Summary Report
TR00,Northern Summary Report
TR16,Northern Summary Report
UN08,Northern Summary Report
BE11,Coastal East Summary Report
CX17,Coastal East Summary Report
CX24,Coastal East Summary Report
CX25,Coastal East Summary Report
CX26,Coastal East Summary Report
CX31,Coastal East Summary Report
CX32,Coastal East Summary Report
CX38,Coastal East Summary Report
CX80,Coastal East Summary Report
DR12,Coastal East Summary Report
DR16,Coastal East Summary Report
DR17,Coastal East Summary Report
HH00,Coastal East Summary Report
HH31,Coastal East Summary Report
HH40,Coastal East Summary Report
HH41,Coastal East Summary Report
HP00,Coastal East Summary Report
HP01,Coastal East Summary Report
ID04,Coastal East Summary Report
MK08,Coastal East Summary Report
MS99,Coastal East Summary Report
WA04,Coastal East Summary Report
AL00,Coastal West Summary Report
BP00,Coastal West Summary Report
CX01,Coastal West Summary Report
CX02,Coastal West Summary Report
CX03,Coastal West Summary Report
CX08,Coastal West Summary Report
CX10,Coastal West Summary Report
CX12,Coastal West Summary Report
CX14,Coastal West Summary Report
CX15,Coastal West Summary Report
CX23,Coastal West Summary Report
CX95,Coastal West Summary Report
CX97,Coastal West Summary Report
CX98,Coastal West Summary Report
HI00,Coastal West Summary Report
PY00,Coastal West Summary Report
PY03,Coastal West Summary Report
BD00,Northern Summary Report
BD18,Northern Summary Report
BR00,Northern Summary Report
BT00,Northern Summary Report
BY06,Northern Summary Report
CG00,Northern Summary Report
CP00,Northern Summary Report
CS00,Northern Summary Report
CT00,Northern Summary Report
DN00,Northern Summary Report
HA00,Northern Summary Report
IF00,Northern Summary Report
KF00,Northern Summary Report
LT00,Northern Summary Report
NX01,Northern Summary Report
NX06,Northern Summary Report
NX08,Northern Summary Report
NX11,Northern Summary Report
NX12,Northern Summary Report
NX13,Northern Summary Report
NX14,Northern Summary Report
NX15,Northern Summary Report
NX16,Northern Summary Report
NX21,Northern Summary Report
NX22,Northern Summary Report
NX23,Northern Summary Report
NX25,Northern Summary Report
NX27,Northern Summary Report
NX34,Northern Summary Report
NX38,Northern Summary Report
NX43,Northern Summary Report
NX44,Northern Summary Report
NX47,Northern Summary Report
NX50,Northern Summary Report
NX54,Northern Summary Report
NX59,Northern Summary Report
NX62,Northern Summary Report
NX67,Northern Summary Report
PM00,Northern Summary Report
SG00,Northern Summary Report
SN00,Northern Summary Report
SR00,Northern Summary Report
UN00,Northern Summary Report
VN00,Northern Summary Report
VN11,Northern Summary Report
WT00,Northern Summary Report
BE00,Coastal East Summary Report
BE08,Coastal East Summary Report
BE09,Coastal East Summary Report
BE10,Coastal East Summary Report
BV00,Coastal East Summary Report
CX20,Coastal East Summary Report
CX27,Coastal East Summary Report
CX30,Coastal East Summary Report
CX39,Coastal East Summary Report
CX44,Coastal East Summary Report
CX49,Coastal East Summary Report
CX51,Coastal East Summary Report
CX52,Coastal East Summary Report
CX54,Coastal East Summary Report
CX55,Coastal East Summary Report
CX94,Coastal East Summary Report
DR00,Coastal East Summary Report
DR11,Coastal East Summary Report
DR13,Coastal East Summary Report
DY00,Coastal East Summary Report
HD00,Coastal East Summary Report
HD05,Coastal East Summary Report
ID00,Coastal East Summary Report
LE00,Coastal East Summary Report
LG00,Coastal East Summary Report
LN00,Coastal East Summary Report
LR00,Coastal East Summary Report
LR04,Coastal East Summary Report
LR05,Coastal East Summary Report
LS00,Coastal East Summary Report
MK00,Coastal East Summary Report
MS00,Coastal East Summary Report
MS39,Coastal East Summary Report
PC00,Coastal East Summary Report
PC01,Coastal East Summary Report
PK00,Coastal East Summary Report
PK04,Coastal East Summary Report
PP00,Coastal East Summary Report
RH00,Coastal East Summary Report
RL00,Coastal East Summary Report
RN00,Coastal East Summary Report
SA00,Coastal East Summary Report
SM00,Coastal East Summary Report
SO00,Coastal East Summary Report
SO02,Coastal East Summary Report
SS00,Coastal East Summary Report
SV00,Coastal East Summary Report
SV03,Coastal East Summary Report
WA00,Coastal East Summary Report
WD00,Coastal East Summary Report
WK00,Coastal East Summary Report
WR00,Coastal East Summary Report
